Date,Price,Date2,Open,High,Low,Price2,Vol.,Change %,Column1,valitability in ($),Daily valitability in %,,,,,,,,,,,,,,,,,
21-Apr-20,"2,736.56",21-Apr-20,"2,784.81","2,785.54","2,727.10","2,736.56",-,-3.07%,3%,58.44,2.10%,,,,,,,,,,,,,,,,,
20-Apr-20,"2,823.16",20-Apr-20,"2,845.62","2,868.98","2,820.43","2,823.16",-,-1.79%,2%,48.55,1.71%,,,,,,,,,,,,,,,,,
17-Apr-20,"2,874.56",17-Apr-20,"2,842.43","2,879.22","2,830.88","2,874.56",-,2.68%,3%,48.34,1.70%,,,,,,,,,,,,,,,,,
16-Apr-20,"2,799.55",16-Apr-20,"2,799.34","2,806.51","2,764.32","2,799.55",-,0.58%,1%,42.19,1.51%,,,,,,,,,,,,,,,,,
15-Apr-20,"2,783.36",15-Apr-20,"2,795.64","2,801.88","2,761.54","2,783.36",-,-2.20%,2%,40.34,1.44%,,,,,,,,,,,,,,,,,
14-Apr-20,"2,846.06",14-Apr-20,"2,805.10","2,851.85","2,805.10","2,846.06",-,3.06%,3%,46.75,1.67%,,,,,,,Highest price ever,"$3,393.52 ",,,,,,,,,
13-Apr-20,"2,761.63",13-Apr-20,"2,782.46","2,782.46","2,721.17","2,761.63",-,-1.01%,1%,61.29,2.20%,,,,,,,Lowest Price ever,"$2,191.86 ",,,,,,,,,
9-Apr-20,"2,789.82",9-Apr-20,"2,776.99","2,818.57","2,762.36","2,789.82",-,1.45%,1%,56.21,2.02%,,,,,,,Standard Deviation,202.7953967,,,,,,,,,
8-Apr-20,"2,749.98",8-Apr-20,"2,685.00","2,760.75","2,663.30","2,749.98",-,3.41%,3%,97.45,3.63%,,,,,,,highest price movement,12%,,,,,,,,,
7-Apr-20,"2,659.41",7-Apr-20,"2,738.65","2,756.89","2,657.67","2,659.41",-,-0.16%,0%,99.22,3.62%,,,,,,,Lowest Price movement,0%,,,,,,,,,
6-Apr-20,"2,663.68",6-Apr-20,"2,578.28","2,676.85","2,574.57","2,663.68",-,7.03%,7%,102.28,3.97%,,,,,,,Average daily volatility,1.28%,,,,,,,,,
3-Apr-20,"2,488.65",3-Apr-20,"2,514.92","2,538.18","2,459.96","2,488.65",-,-1.51%,2%,78.22,3.11%,,,,,,,highest price [provision],"$3,799.11 ",,,,,,,,,
2-Apr-20,"2,526.90",2-Apr-20,"2,458.54","2,533.22","2,455.79","2,526.90",-,2.28%,2%,77.43,3.15%,,,,,,,lowest price [provision],"$1,786.27 ",,,,,,,,,
1-Apr-20,"2,470.50",1-Apr-20,"2,498.08","2,522.75","2,447.49","2,470.50",-,-4.41%,4%,75.26,3.01%,,,,,,,,,,,,,,,,,
31-Mar-20,"2,584.59",31-Mar-20,"2,614.69","2,641.39","2,571.15","2,584.59",-,-1.60%,2%,70.24,2.69%,,,,,,,,,,,,,,,,,
30-Mar-20,"2,626.65",30-Mar-20,"2,558.98","2,631.80","2,545.28","2,626.65",-,3.35%,3%,86.52,3.38%,,,,,,,,,,,,,,,,,
27-Mar-20,"2,541.47",27-Mar-20,"2,555.87","2,615.91","2,520.02","2,541.47",-,-3.37%,3%,95.89,3.75%,,,,,,,,,,,,,,,,,
26-Mar-20,"2,630.07",26-Mar-20,"2,501.29","2,637.01","2,500.72","2,630.07",-,6.24%,6%,136.29,5.45%,,,,,,,,,,,,,,,,,
25-Mar-20,"2,475.56",25-Mar-20,"2,457.77","2,571.42","2,407.53","2,475.56",-,1.15%,1%,163.89,6.67%,,,,,,,,,,,,,,,,,
24-Mar-20,"2,447.33",24-Mar-20,"2,344.44","2,449.71","2,344.44","2,447.33",-,9.38%,9%,105.27,4.49%,,,,,,,,,,,,,,,,,
23-Mar-20,"2,237.40",23-Mar-20,"2,290.71","2,300.73","2,191.86","2,237.40",-,-2.93%,3%,108.87,4.75%,,,,,,,,,,,,,,,,,
20-Mar-20,"2,304.92",20-Mar-20,"2,431.94","2,453.01","2,295.56","2,304.92",-,-4.34%,4%,157.45,6.47%,,,,,,,,,,,,,,,,,
19-Mar-20,"2,409.39",19-Mar-20,"2,393.48","2,466.97","2,319.78","2,409.39",-,0.47%,0%,147.19,6.15%,,,,,,,,,,,,,,,,,
18-Mar-20,"2,398.10",18-Mar-20,"2,436.50","2,453.57","2,280.52","2,398.10",-,-5.18%,5%,173.05,7.10%,,,,,,,,,,,,,,,,,
17-Mar-20,"2,529.19",17-Mar-20,"2,425.66","2,553.93","2,367.04","2,529.19",-,6.00%,6%,186.89,7.70%,,,,,,,,,,,,,,,,,
16-Mar-20,"2,386.13",16-Mar-20,"2,508.59","2,562.98","2,380.94","2,386.13",-,-11.98%,12%,182.04,7.26%,,,,,,,,,,,,,,,,,
13-Mar-20,"2,711.02",13-Mar-20,"2,569.99","2,711.33","2,492.37","2,711.02",-,9.29%,9%,218.96,8.52%,,,,,,,,,,,,,,,,,
12-Mar-20,"2,480.64",12-Mar-20,"2,630.86","2,660.95","2,478.86","2,480.64",-,-9.51%,10%,182.09,6.92%,,,,,,,,,,,,,,,,,
11-Mar-20,"2,741.38",11-Mar-20,"2,825.60","2,825.60","2,707.22","2,741.38",-,-4.89%,5%,118.38,4.19%,,,,,,,,,,,,,,,,,
10-Mar-20,"2,882.23",10-Mar-20,"2,813.48","2,882.59","2,734.00","2,882.23",-,4.94%,5%,148.59,5.28%,,,,,,,,,,,,,,,,,
9-Mar-20,"2,746.56",9-Mar-20,"2,863.89","2,863.89","2,734.43","2,746.56",-,-7.60%,8%,129.46,4.52%,,,,,,,,,,,,,,,,,
6-Mar-20,"2,972.37",6-Mar-20,"2,954.20","2,985.93","2,901.54","2,972.37",-,-1.71%,2%,84.39,2.86%,,,,,,,,,,,,,,,,,
5-Mar-20,"3,023.94",5-Mar-20,"3,075.70","3,083.04","2,999.83","3,023.94",-,-3.39%,3%,83.21,2.71%,,,,,,,,,,,,,,,,,
4-Mar-20,"3,130.12",4-Mar-20,"3,045.75","3,130.97","3,034.38","3,130.12",-,4.22%,4%,96.59,3.17%,,,,,,,,,,,,,,,,,
3-Mar-20,"3,003.37",3-Mar-20,"3,096.46","3,136.72","2,976.63","3,003.37",-,-2.81%,3%,160.09,5.17%,,,,,,,,,,,,,,,,,
2-Mar-20,"3,090.23",2-Mar-20,"2,974.28","3,090.96","2,945.19","3,090.23",-,4.60%,5%,145.77,4.90%,,,,,,,,,,,,,,,,,
28-Feb-20,"2,954.22",28-Feb-20,"2,916.90","2,959.72","2,855.84","2,954.22",-,-0.82%,1%,103.88,3.56%,,,,,,,,,,,,,,,,,
27-Feb-20,"2,978.76",27-Feb-20,"3,062.54","3,097.07","2,977.39","2,978.76",-,-4.42%,4%,119.68,3.91%,,,Results,,,,,,,,,,,,,,
26-Feb-20,"3,116.39",26-Feb-20,"3,139.90","3,182.51","3,108.99","3,116.39",-,-0.38%,0%,73.52,2.34%,,,highest price vs lowest price,,,,highest price movement vs lowest price movement in (%),,,,price range prevision,,,,other,,
25-Feb-20,"3,128.21",25-Feb-20,"3,238.94","3,246.99","3,118.77","3,128.21",-,-3.03%,3%,128.22,3.96%,,,highest price ,,lowest price,,highest price movement ,,lowest price movement,,highest price,,lowest price,,standard deviation,,daily volatility
24-Feb-20,"3,225.89",24-Feb-20,"3,257.61","3,259.81","3,214.65","3,225.89",-,-3.35%,3%,45.16,1.39%,,,"$3,393.52 ",,"$2,191.86 ",,12%,,0%,,"$3,799.11 ",,"$1,786.27 ",,202.7954,,1.28%
21-Feb-20,"3,337.75",21-Feb-20,"3,360.50","3,360.76","3,328.45","3,337.75",-,-1.05%,1%,32.31,0.96%,,,,,,,,,,,,,,,,,
20-Feb-20,"3,373.23",20-Feb-20,"3,380.45","3,389.15","3,341.02","3,373.23",-,-0.38%,0%,48.13,1.42%,,,,,,,,,,,,,,,,,
19-Feb-20,"3,386.15",19-Feb-20,"3,380.39","3,393.52","3,378.83","3,386.15",-,0.47%,0%,14.69,0.43%,,,,,,,,,,,,,,,,,
18-Feb-20,"3,370.29",18-Feb-20,"3,369.04","3,375.01","3,355.61","3,370.29",-,-0.29%,0%,19.4,0.58%,,,,,,,,,,,,,,,,,
14-Feb-20,"3,380.16",14-Feb-20,"3,378.08","3,380.69","3,366.15","3,380.16",-,0.18%,0%,14.54,0.43%,,,,,,,,,,,,,,,,,
13-Feb-20,"3,373.94",13-Feb-20,"3,365.90","3,385.09","3,360.52","3,373.94",-,-0.16%,0%,24.57,0.73%,,,,,,,,,,,,,,,,,
12-Feb-20,"3,379.45",12-Feb-20,"3,370.50","3,381.47","3,369.72","3,379.45",-,0.65%,1%,11.75,0.35%,,,,,,,,,,,,,,,,,
11-Feb-20,"3,357.75",11-Feb-20,"3,365.87","3,375.63","3,352.72","3,357.75",-,0.17%,0%,22.91,0.68%,,,,,,,,,,,,,,,,,
10-Feb-20,"3,352.09",10-Feb-20,"3,318.28","3,352.26","3,317.77","3,352.09",-,0.73%,1%,34.49,1.04%,,,,,,,,,,,,,,,,,
7-Feb-20,"3,327.71",7-Feb-20,"3,335.54","3,341.42","3,322.12","3,327.71",-,-0.54%,1%,19.3,0.58%,,,,,,,,,,,,,,,,,
6-Feb-20,"3,345.78",6-Feb-20,"3,344.92","3,347.96","3,334.39","3,345.78",-,0.33%,0%,13.57,0.41%,,,,,,,,,,,,,,,,,
5-Feb-20,"3,334.69",5-Feb-20,"3,324.91","3,337.58","3,313.75","3,334.69",-,1.13%,1%,23.83,0.72%,,,,,,,,,,,,,,,,,
4-Feb-20,"3,297.59",4-Feb-20,"3,280.61","3,306.92","3,280.61","3,297.59",-,1.50%,2%,26.31,0.80%,,,,,,,,,,,,,,,,,
3-Feb-20,"3,248.92",3-Feb-20,"3,235.66","3,268.44","3,235.66","3,248.92",-,0.73%,1%,32.78,1.01%,,,,,,,,,,,,,,,,,
31-Jan-20,"3,225.52",31-Jan-20,"3,282.33","3,282.33","3,214.68","3,225.52",-,-1.77%,2%,67.65,2.06%,,,,,,,,,,,,,,,,,
30-Jan-20,"3,283.66",30-Jan-20,"3,256.45","3,285.91","3,242.80","3,283.66",-,0.31%,0%,43.11,1.32%,,,,,,,,,,,,,,,,,
29-Jan-20,"3,273.40",29-Jan-20,"3,289.46","3,293.47","3,271.89","3,273.40",-,-0.09%,0%,21.58,0.66%,,,,,,,,,,,,,,,,,
28-Jan-20,"3,276.24",28-Jan-20,"3,255.35","3,285.78","3,253.22","3,276.24",-,1.01%,1%,32.56,1.00%,,,,,,,,,,,,,,,,,
27-Jan-20,"3,243.63",27-Jan-20,"3,247.16","3,258.85","3,234.50","3,243.63",-,-1.57%,2%,24.35,0.75%,,,,,,,,,,,,,,,,,
24-Jan-20,"3,295.47",24-Jan-20,"3,333.10","3,333.18","3,281.53","3,295.47",-,-0.90%,1%,51.65,1.55%,,,,,,,,,,,,,,,,,
23-Jan-20,"3,325.54",23-Jan-20,"3,315.77","3,326.88","3,301.87","3,325.54",-,0.11%,0%,25.01,0.75%,,,,,,,,,,,,,,,,,
22-Jan-20,"3,321.75",22-Jan-20,"3,330.02","3,337.77","3,320.04","3,321.75",-,0.03%,0%,17.73,0.53%,,,,,,,,,,,,,,,,,
21-Jan-20,"3,320.79",21-Jan-20,"3,321.03","3,329.79","3,316.61","3,320.79",-,-0.27%,0%,13.18,0.40%,,,,,,,,,,,,,,,,,
17-Jan-20,"3,329.62",17-Jan-20,"3,323.66","3,329.88","3,318.86","3,329.62",-,0.39%,0%,11.02,0.33%,,,,,,,,,,,,,,,,,
16-Jan-20,"3,316.81",16-Jan-20,"3,302.97","3,317.11","3,302.82","3,316.81",-,0.84%,1%,14.29,0.43%,,,,,,,,,,,,,,,,,
15-Jan-20,"3,289.29",15-Jan-20,"3,282.27","3,298.66","3,280.69","3,289.29",-,0.19%,0%,17.97,0.55%,,,,,,,,,,,,,,,,,
14-Jan-20,"3,283.15",14-Jan-20,"3,285.35","3,294.25","3,277.19","3,283.15",-,-0.15%,0%,17.06,0.52%,,,,,,,,,,,,,,,,,
13-Jan-20,"3,288.13",13-Jan-20,"3,271.13","3,288.13","3,268.43","3,288.13",-,0.70%,1%,19.7,0.60%,,,,,,,,,,,,,,,,,
10-Jan-20,"3,265.35",10-Jan-20,"3,281.81","3,282.99","3,260.86","3,265.35",-,-0.29%,0%,22.13,0.67%,,,,,,,,,,,,,,,,,
9-Jan-20,"3,274.70",9-Jan-20,"3,266.03","3,275.58","3,263.67","3,274.70",-,0.67%,1%,11.91,0.36%,,,,,,,,,,,,,,,,,
8-Jan-20,"3,253.05",8-Jan-20,"3,238.59","3,267.07","3,236.67","3,253.05",-,0.49%,0%,30.4,0.94%,,,,,,,,,,,,,,,,,
7-Jan-20,"3,237.18",7-Jan-20,"3,241.86","3,244.91","3,232.43","3,237.18",-,-0.28%,0%,12.48,0.38%,,,,,,,,,,,,,,,,,
6-Jan-20,"3,246.28",6-Jan-20,"3,217.55","3,246.84","3,214.64","3,246.28",-,0.35%,0%,32.2,1.00%,,,,,,,,,,,,,,,,,
3-Jan-20,"3,234.85",3-Jan-20,"3,226.36","3,246.15","3,222.34","3,234.85",-,-0.71%,1%,23.81,0.74%,,,,,,,,,,,,,,,,,
2-Jan-20,"3,257.85",2-Jan-20,"3,244.67","3,258.14","3,235.53","3,257.85",-,0.84%,1%,22.61,0.70%,,,,,,,,,,,,,,,,,
31-Dec-19,"3,230.78",31-Dec-19,"3,215.18","3,231.72","3,212.03","3,230.78",-,0.29%,0%,19.69,0.61%,,,,,,,,,,,,,,,,,
30-Dec-19,"3,221.29",30-Dec-19,"3,240.09","3,240.92","3,216.57","3,221.29",-,-0.58%,1%,24.35,0.75%,,,,,,,,,,,,,,,,,
27-Dec-19,"3,240.02",27-Dec-19,"3,247.23","3,247.93","3,234.37","3,240.02",-,0.00%,0%,13.56,0.42%,,,,,,,,,,,,,,,,,
26-Dec-19,"3,239.91",26-Dec-19,"3,227.20","3,240.08","3,227.20","3,239.91",-,0.51%,1%,12.88,0.40%,,,,,,,,,,,,,,,,,
24-Dec-19,"3,223.38",24-Dec-19,"3,225.45","3,226.43","3,220.51","3,223.38",-,-0.02%,0%,5.92,0.18%,,,,,,,,,,,,,,,,,
23-Dec-19,"3,224.01",23-Dec-19,"3,226.05","3,227.78","3,222.30","3,224.01",-,0.09%,0%,5.48,0.17%,,,,,,,,,,,,,,,,,
20-Dec-19,"3,221.22",20-Dec-19,"3,223.33","3,225.65","3,216.03","3,221.22",-,0.49%,0%,9.62,0.30%,,,,,,,,,,,,,,,,,
19-Dec-19,"3,205.37",19-Dec-19,"3,192.32","3,205.48","3,192.32","3,205.37",-,0.45%,0%,13.16,0.41%,,,,,,,,,,,,,,,,,
18-Dec-19,"3,191.14",18-Dec-19,"3,195.21","3,198.48","3,191.14","3,191.14",-,-0.04%,0%,7.34,0.23%,,,,,,,,,,,,,,,,,
17-Dec-19,"3,192.52",17-Dec-19,"3,195.40","3,198.22","3,191.03","3,192.52",-,0.03%,0%,7.19,0.23%,,,,,,,,,,,,,,,,,
16-Dec-19,"3,191.45",16-Dec-19,"3,183.63","3,197.71","3,183.63","3,191.45",-,0.71%,1%,14.08,0.44%,,,,,,,,,,,,,,,,,
13-Dec-19,"3,168.80",13-Dec-19,"3,166.65","3,182.68","3,156.51","3,168.80",-,0.01%,0%,26.17,0.83%,,,,,,,,,,,,,,,,,
12-Dec-19,"3,168.57",12-Dec-19,"3,141.23","3,176.28","3,138.47","3,168.57",-,0.86%,1%,37.81,1.20%,,,,,,,,,,,,,,,,,
11-Dec-19,"3,141.63",11-Dec-19,"3,135.75","3,143.98","3,133.21","3,141.63",-,0.29%,0%,10.77,0.34%,,,,,,,,,,,,,,,,,
10-Dec-19,"3,132.52",10-Dec-19,"3,135.36","3,142.12","3,126.09","3,132.52",-,-0.11%,0%,16.03,0.51%,,,,,,,,,,,,,,,,,
9-Dec-19,"3,135.96",9-Dec-19,"3,141.86","3,148.87","3,135.46","3,135.96",-,-0.32%,0%,13.41,0.43%,,,,,,,,,,,,,,,,,
6-Dec-19,"3,145.91",6-Dec-19,"3,134.62","3,150.60","3,134.62","3,145.91",-,0.91%,1%,15.98,0.51%,,,,,,,,,,,,,,,,,
5-Dec-19,"3,117.43",5-Dec-19,"3,119.21","3,119.45","3,103.76","3,117.43",-,0.15%,0%,15.69,0.50%,,,,,,,,,,,,,,,,,
4-Dec-19,"3,112.76",4-Dec-19,"3,103.50","3,119.38","3,102.53","3,112.76",-,0.63%,1%,16.85,0.54%,,,,,,,,,,,,,,,,,
3-Dec-19,"3,093.20",3-Dec-19,"3,087.41","3,094.97","3,070.33","3,093.20",-,-0.66%,1%,24.64,0.80%,,,,,,,,,,,,,,,,,
2-Dec-19,"3,113.87",2-Dec-19,"3,143.85","3,144.31","3,110.78","3,113.87",-,-0.86%,1%,33.53,1.07%,,,,,,,,,,,,,,,,,
29-Nov-19,"3,140.98",29-Nov-19,"3,147.18","3,150.30","3,139.34","3,140.98",-,-0.40%,0%,10.96,0.35%,,,,,,,,,,,,,,,,,
27-Nov-19,"3,153.63",27-Nov-19,"3,145.49","3,154.26","3,143.41","3,153.63",-,0.42%,0%,10.85,0.34%,,,,,,,,,,,,,,,,,
26-Nov-19,"3,140.52",26-Nov-19,"3,134.85","3,142.69","3,131.00","3,140.52",-,0.22%,0%,11.69,0.37%,,,,,,,,,,,,,,,,,
25-Nov-19,"3,133.64",25-Nov-19,"3,117.44","3,133.83","3,117.44","3,133.64",-,0.75%,1%,16.39,0.53%,,,,,,,,,,,,,,,,,
22-Nov-19,"3,110.29",22-Nov-19,"3,111.41","3,112.87","3,099.26","3,110.29",-,0.22%,0%,13.61,0.44%,,,,,,,,,,,,,,,,,
21-Nov-19,"3,103.54",21-Nov-19,"3,108.49","3,110.11","3,094.55","3,103.54",-,-0.16%,0%,15.56,0.50%,,,,,,,,,,,,,,,,,
20-Nov-19,"3,108.46",20-Nov-19,"3,114.66","3,118.97","3,091.41","3,108.46",-,-0.38%,0%,27.56,0.88%,,,,,,,,,,,,,,,,,
19-Nov-19,"3,120.18",19-Nov-19,"3,127.45","3,127.64","3,113.47","3,120.18",-,-0.06%,0%,14.17,0.45%,,,,,,,,,,,,,,,,,
18-Nov-19,"3,122.03",18-Nov-19,"3,117.91","3,124.17","3,112.06","3,122.03",-,0.05%,0%,12.11,0.39%,,,,,,,,,,,,,,,,,
15-Nov-19,"3,120.46",15-Nov-19,"3,107.92","3,120.46","3,104.60","3,120.46",-,0.77%,1%,15.86,0.51%,,,,,,,,,,,,,,,,,
14-Nov-19,"3,096.63",14-Nov-19,"3,090.75","3,098.20","3,083.26","3,096.63",-,0.08%,0%,14.94,0.48%,,,,,,,,,,,,,,,,,
13-Nov-19,"3,094.04",13-Nov-19,"3,084.18","3,098.06","3,078.80","3,094.04",-,0.07%,0%,19.26,0.62%,,,,,,,,,,,,,,,,,
12-Nov-19,"3,091.84",12-Nov-19,"3,089.28","3,102.61","3,084.73","3,091.84",-,0.16%,0%,17.88,0.58%,,,,,,,,,,,,,,,,,
11-Nov-19,"3,087.01",11-Nov-19,"3,080.33","3,088.33","3,075.82","3,087.01",-,-0.20%,0%,12.51,0.41%,,,,,,,,,,,,,,,,,
8-Nov-19,"3,093.08",8-Nov-19,"3,081.25","3,093.09","3,073.58","3,093.08",-,0.26%,0%,19.51,0.63%,,,,,,,,,,,,,,,,,
7-Nov-19,"3,085.18",7-Nov-19,"3,087.02","3,097.77","3,080.23","3,085.18",-,0.27%,0%,17.54,0.57%,,,,,,,,,,,,,,,,,
6-Nov-19,"3,076.78",6-Nov-19,"3,075.10","3,078.34","3,065.89","3,076.78",-,0.07%,0%,12.45,0.40%,,,,,,,,,,,,,,,,,
5-Nov-19,"3,074.62",5-Nov-19,"3,080.80","3,083.95","3,072.15","3,074.62",-,-0.12%,0%,11.8,0.38%,,,,,,,,,,,,,,,,,
4-Nov-19,"3,078.27",4-Nov-19,"3,078.96","3,085.20","3,074.87","3,078.27",-,0.37%,0%,10.33,0.34%,,,,,,,,,,,,,,,,,
1-Nov-19,"3,066.91",1-Nov-19,"3,050.72","3,066.95","3,050.72","3,066.91",-,0.97%,1%,16.23,0.53%,,,,,,,,,,,,,,,,,
31-Oct-19,"3,037.56",31-Oct-19,"3,046.90","3,046.90","3,023.19","3,037.56",-,-0.30%,0%,23.71,0.78%,,,,,,,,,,,,,,,,,
30-Oct-19,"3,046.77",30-Oct-19,"3,039.74","3,050.10","3,025.96","3,046.77",-,0.33%,0%,24.14,0.79%,,,,,,,,,,,,,,,,,
29-Oct-19,"3,036.89",29-Oct-19,"3,035.39","3,047.87","3,034.81","3,036.89",-,-0.08%,0%,13.06,0.43%,,,,,,,,,,,,,,,,,
28-Oct-19,"3,039.42",28-Oct-19,"3,032.12","3,044.08","3,032.12","3,039.42",-,0.56%,1%,11.96,0.39%,,,,,,,,,,,,,,,,,
25-Oct-19,"3,022.55",25-Oct-19,"3,003.32","3,027.39","3,001.94","3,022.55",-,0.41%,0%,25.45,0.85%,,,,,,,,,,,,,,,,,
24-Oct-19,"3,010.29",24-Oct-19,"3,014.78","3,016.07","3,000.42","3,010.29",-,0.19%,0%,15.65,0.52%,,,,,,,,,,,,,,,,,
23-Oct-19,"3,004.52",23-Oct-19,"2,994.01","3,004.78","2,991.21","3,004.52",-,0.28%,0%,13.57,0.45%,,,,,,,,,,,,,,,,,
22-Oct-19,"2,995.99",22-Oct-19,"3,010.73","3,014.57","2,995.04","2,995.99",-,-0.36%,0%,19.53,0.65%,,,,,,,,,,,,,,,,,
21-Oct-19,"3,006.72",21-Oct-19,"2,996.48","3,007.33","2,995.35","3,006.72",-,0.69%,1%,11.98,0.40%,,,,,,,,,,,,,,,,,
18-Oct-19,"2,986.20",18-Oct-19,"2,996.84","3,000.00","2,976.31","2,986.20",-,-0.39%,0%,23.69,0.79%,,,,,,,,,,,,,,,,,
17-Oct-19,"2,997.95",17-Oct-19,"3,000.77","3,008.29","2,991.79","2,997.95",-,0.28%,0%,16.5,0.55%,,,,,,,,,,,,,,,,,
16-Oct-19,"2,989.69",16-Oct-19,"2,989.68","2,997.54","2,985.20","2,989.69",-,-0.20%,0%,12.34,0.41%,,,,,,,,,,,,,,,,,
15-Oct-19,"2,995.68",15-Oct-19,"2,973.61","3,003.28","2,973.61","2,995.68",-,1.00%,1%,29.67,1.00%,,,,,,,,,,,,,,,,,
14-Oct-19,"2,966.15",14-Oct-19,"2,965.81","2,972.84","2,962.94","2,966.15",-,-0.14%,0%,9.9,0.33%,,,,,,,,,,,,,,,,,
11-Oct-19,"2,970.27",11-Oct-19,"2,963.07","2,993.28","2,963.07","2,970.27",-,1.09%,1%,30.21,1.02%,,,,,,,,,,,,,,,,,
10-Oct-19,"2,938.13",10-Oct-19,"2,918.55","2,948.46","2,917.12","2,938.13",-,0.64%,1%,31.34,1.07%,,,,,,,,,,,,,,,,,
9-Oct-19,"2,919.40",9-Oct-19,"2,911.10","2,929.32","2,907.41","2,919.40",-,0.91%,1%,21.91,0.75%,,,,,,,,,,,,,,,,,
8-Oct-19,"2,893.06",8-Oct-19,"2,920.40","2,925.47","2,892.66","2,893.06",-,-1.56%,2%,32.81,1.12%,,,,,,,,,,,,,,,,,
7-Oct-19,"2,938.79",7-Oct-19,"2,944.23","2,959.75","2,935.68","2,938.79",-,-0.45%,0%,24.07,0.82%,,,,,,,,,,,,,,,,,
4-Oct-19,"2,952.01",4-Oct-19,"2,918.56","2,953.74","2,918.56","2,952.01",-,1.42%,1%,35.18,1.21%,,,,,,,,,,,,,,,,,
3-Oct-19,"2,910.63",3-Oct-19,"2,885.38","2,911.13","2,855.94","2,910.63",-,0.80%,1%,55.19,1.91%,,,,,,,,,,,,,,,,,
2-Oct-19,"2,887.61",2-Oct-19,"2,924.78","2,924.78","2,874.93","2,887.61",-,-1.79%,2%,49.85,1.70%,,,,,,,,,,,,,,,,,
1-Oct-19,"2,940.25",1-Oct-19,"2,983.69","2,992.53","2,938.70","2,940.25",-,-1.23%,1%,53.83,1.80%,,,,,,,,,,,,,,,,,
30-Sep-19,"2,976.74",30-Sep-19,"2,967.07","2,983.85","2,967.07","2,976.74",-,0.50%,1%,16.78,0.57%,,,,,,,,,,,,,,,,,
27-Sep-19,"2,961.79",27-Sep-19,"2,985.47","2,987.31","2,945.53","2,961.79",-,-0.53%,1%,41.78,1.40%,,,,,,,,,,,,,,,,,
26-Sep-19,"2,977.62",26-Sep-19,"2,985.73","2,987.28","2,963.71","2,977.62",-,-0.24%,0%,23.57,0.79%,,,,,,,,,,,,,,,,,
25-Sep-19,"2,984.87",25-Sep-19,"2,968.35","2,989.82","2,952.86","2,984.87",-,0.62%,1%,36.96,1.25%,,,,,,,,,,,,,,,,,
24-Sep-19,"2,966.60",24-Sep-19,"3,002.43","3,007.98","2,957.73","2,966.60",-,-0.84%,1%,50.25,1.67%,,,,,,,,,,,,,,,,,
23-Sep-19,"2,991.78",23-Sep-19,"2,983.50","2,999.15","2,982.23","2,991.78",-,-0.01%,0%,16.92,0.57%,,,,,,,,,,,,,,,,,
20-Sep-19,"2,992.07",20-Sep-19,"3,008.42","3,016.37","2,984.68","2,992.07",-,-0.49%,0%,31.69,1.05%,,,,,,,,,,,,,,,,,
19-Sep-19,"3,006.79",19-Sep-19,"3,010.36","3,021.99","3,003.16","3,006.79",-,0.00%,0%,18.83,0.63%,,,,,,,,,,,,,,,,,
18-Sep-19,"3,006.73",18-Sep-19,"3,001.50","3,007.83","2,978.57","3,006.73",-,0.03%,0%,29.26,0.97%,,,,,,,,,,,,,,,,,
17-Sep-19,"3,005.70",17-Sep-19,"2,995.67","3,006.21","2,993.73","3,005.70",-,0.26%,0%,12.48,0.42%,,,,,,,,,,,,,,,,,
16-Sep-19,"2,997.96",16-Sep-19,"2,996.41","3,002.19","2,990.67","2,997.96",-,-0.31%,0%,11.52,0.38%,,,,,,,,,,,,,,,,,
13-Sep-19,"3,007.39",13-Sep-19,"3,012.21","3,017.33","3,002.90","3,007.39",-,-0.07%,0%,14.43,0.48%,,,,,,,,,,,,,,,,,
12-Sep-19,"3,009.57",12-Sep-19,"3,009.08","3,020.74","3,000.92","3,009.57",-,0.29%,0%,19.82,0.66%,,,,,,,,,,,,,,,,,
11-Sep-19,"3,000.93",11-Sep-19,"2,981.41","3,000.93","2,975.31","3,000.93",-,0.72%,1%,25.62,0.86%,,,,,,,,,,,,,,,,,
10-Sep-19,"2,979.39",10-Sep-19,"2,971.01","2,979.39","2,957.01","2,979.39",-,0.03%,0%,22.38,0.75%,,,,,,,,,,,,,,,,,
9-Sep-19,"2,978.43",9-Sep-19,"2,988.43","2,989.43","2,969.39","2,978.43",-,-0.01%,0%,20.04,0.67%,,,,,,,,,,,,,,,,,
6-Sep-19,"2,978.71",6-Sep-19,"2,980.33","2,985.03","2,972.51","2,978.71",-,0.09%,0%,12.52,0.42%,,,,,,,,,,,,,,,,,
5-Sep-19,"2,976.00",5-Sep-19,"2,960.60","2,985.86","2,960.60","2,976.00",-,1.30%,1%,25.26,0.85%,,,,,,,,,,,,,,,,,
4-Sep-19,"2,937.78",4-Sep-19,"2,924.67","2,938.84","2,921.86","2,937.78",-,1.08%,1%,16.98,0.58%,,,,,,,,,,,,,,,,,
3-Sep-19,"2,906.27",3-Sep-19,"2,909.01","2,914.39","2,891.85","2,906.27",-,-0.69%,1%,22.54,0.77%,,,,,,,,,,,,,,,,,
30-Aug-19,"2,926.46",30-Aug-19,"2,937.09","2,940.43","2,913.32","2,926.46",-,0.06%,0%,27.11,0.92%,,,,,,,,,,,,,,,,,
29-Aug-19,"2,924.58",29-Aug-19,"2,910.37","2,930.50","2,905.67","2,924.58",-,1.27%,1%,24.83,0.85%,,,,,,,,,,,,,,,,,
28-Aug-19,"2,887.94",28-Aug-19,"2,861.28","2,890.03","2,853.05","2,887.94",-,0.65%,1%,36.98,1.29%,,,,,,,,,,,,,,,,,
27-Aug-19,"2,869.16",27-Aug-19,"2,893.14","2,898.79","2,860.59","2,869.16",-,-0.32%,0%,38.2,1.32%,,,,,,,,,,,,,,,,,
26-Aug-19,"2,878.38",26-Aug-19,"2,866.70","2,879.27","2,856.00","2,878.38",-,1.10%,1%,23.27,0.81%,,,,,,,,,,,,,,,,,
23-Aug-19,"2,847.11",23-Aug-19,"2,911.07","2,927.01","2,834.97","2,847.11",-,-2.59%,3%,92.04,3.16%,,,,,,,,,,,,,,,,,
22-Aug-19,"2,922.95",22-Aug-19,"2,930.94","2,939.08","2,904.51","2,922.95",-,-0.05%,0%,34.57,1.18%,,,,,,,,,,,,,,,,,
21-Aug-19,"2,924.43",21-Aug-19,"2,922.04","2,928.73","2,917.91","2,924.43",-,0.82%,1%,10.82,0.37%,,,,,,,,,,,,,,,,,
20-Aug-19,"2,900.51",20-Aug-19,"2,919.01","2,923.63","2,899.60","2,900.51",-,-0.79%,1%,24.03,0.82%,,,,,,,,,,,,,,,,,
19-Aug-19,"2,923.65",19-Aug-19,"2,913.48","2,931.00","2,913.48","2,923.65",-,1.21%,1%,17.52,0.60%,,,,,,,,,,,,,,,,,
16-Aug-19,"2,888.68",16-Aug-19,"2,864.74","2,893.63","2,864.74","2,888.68",-,1.44%,1%,28.89,1.01%,,,,,,,,,,,,,,,,,
15-Aug-19,"2,847.60",15-Aug-19,"2,846.20","2,856.67","2,825.51","2,847.60",-,0.25%,0%,31.16,1.09%,,,,,,,,,,,,,,,,,
14-Aug-19,"2,840.60",14-Aug-19,"2,894.15","2,894.15","2,839.64","2,840.60",-,-2.93%,3%,54.51,1.88%,,,,,,,,,,,,,,,,,
13-Aug-19,"2,926.32",13-Aug-19,"2,880.72","2,943.31","2,877.05","2,926.32",-,1.48%,1%,66.26,2.30%,,,,,,,,,,,,,,,,,
12-Aug-19,"2,883.75",12-Aug-19,"2,907.07","2,907.58","2,873.14","2,883.75",-,-1.20%,1%,34.44,1.18%,,,,,,,,,,,,,,,,,
9-Aug-19,"2,918.65",9-Aug-19,"2,930.51","2,935.75","2,900.15","2,918.65",-,-0.66%,1%,35.6,1.21%,,,,,,,,,,,,,,,,,
8-Aug-19,"2,938.09",8-Aug-19,"2,896.21","2,938.72","2,894.47","2,938.09",-,1.88%,2%,44.25,1.53%,,,,,,,,,,,,,,,,,
7-Aug-19,"2,883.98",7-Aug-19,"2,858.65","2,892.17","2,825.71","2,883.98",-,0.08%,0%,66.46,2.32%,,,,,,,,,,,,,,,,,
6-Aug-19,"2,881.77",6-Aug-19,"2,861.18","2,884.40","2,847.42","2,881.77",-,1.30%,1%,36.98,1.29%,,,,,,,,,,,,,,,,,
5-Aug-19,"2,844.74",5-Aug-19,"2,898.07","2,898.07","2,822.12","2,844.74",-,-2.98%,3%,75.95,2.62%,,,,,,,,,,,,,,,,,
2-Aug-19,"2,932.05",2-Aug-19,"2,943.90","2,945.50","2,914.11","2,932.05",-,-0.73%,1%,31.39,1.07%,,,,,,,,,,,,,,,,,
1-Aug-19,"2,953.56",1-Aug-19,"2,980.32","3,013.59","2,945.23","2,953.56",-,-0.90%,1%,68.36,2.29%,,,,,,,,,,,,,,,,,
31-Jul-19,"2,980.38",31-Jul-19,"3,016.22","3,017.40","2,958.08","2,980.38",-,-1.09%,1%,59.32,1.97%,,,,,,,,,,,,,,,,,
30-Jul-19,"3,013.18",30-Jul-19,"3,007.66","3,017.19","3,000.94","3,013.18",-,-0.26%,0%,16.25,0.54%,,,,,,,,,,,,,,,,,
29-Jul-19,"3,020.97",29-Jul-19,"3,024.47","3,025.61","3,014.30","3,020.97",-,-0.16%,0%,11.31,0.37%,,,,,,,,,,,,,,,,,
26-Jul-19,"3,025.86",26-Jul-19,"3,013.25","3,027.98","3,012.59","3,025.86",-,0.74%,1%,15.39,0.51%,,,,,,,,,,,,,,,,,
25-Jul-19,"3,003.67",25-Jul-19,"3,016.26","3,016.31","2,997.24","3,003.67",-,-0.53%,1%,19.07,0.63%,,,,,,,,,,,,,,,,,
24-Jul-19,"3,019.56",24-Jul-19,"2,998.77","3,019.59","2,996.82","3,019.56",-,0.47%,0%,22.77,0.76%,,,,,,,,,,,,,,,,,
23-Jul-19,"3,005.47",23-Jul-19,"2,994.74","3,005.90","2,988.56","3,005.47",-,0.68%,1%,17.34,0.58%,,,,,,,,,,,,,,,,,
22-Jul-19,"2,985.03",22-Jul-19,"2,981.93","2,990.71","2,976.65","2,985.03",-,0.28%,0%,14.06,0.47%,,,,,,,,,,,,,,,,,
19-Jul-19,"2,976.61",19-Jul-19,"3,004.26","3,006.02","2,975.86","2,976.61",-,-0.62%,1%,30.16,1.00%,,,,,,,,,,,,,,,,,
18-Jul-19,"2,995.11",18-Jul-19,"2,978.87","2,998.28","2,973.09","2,995.11",-,0.36%,0%,25.19,0.85%,,,,,,,,,,,,,,,,,
17-Jul-19,"2,984.42",17-Jul-19,"3,005.10","3,005.26","2,984.25","2,984.42",-,-0.65%,1%,21.01,0.70%,,,,,,,,,,,,,,,,,
16-Jul-19,"3,004.04",16-Jul-19,"3,012.13","3,015.02","3,001.15","3,004.04",-,-0.34%,0%,13.87,0.46%,,,,,,,,,,,,,,,,,
15-Jul-19,"3,014.30",15-Jul-19,"3,017.80","3,017.80","3,008.77","3,014.30",-,0.02%,0%,9.03,0.30%,,,,,,,,,,,,,,,,,
12-Jul-19,"3,013.77",12-Jul-19,"3,003.36","3,013.92","3,001.87","3,013.77",-,0.46%,0%,12.05,0.40%,,,,,,,,,,,,,,,,,
11-Jul-19,"2,999.91",11-Jul-19,"2,999.62","3,002.33","2,988.80","2,999.91",-,0.23%,0%,13.53,0.45%,,,,,,,,,,,,,,,,,
10-Jul-19,"2,993.07",10-Jul-19,"2,989.30","3,002.98","2,984.62","2,993.07",-,0.45%,0%,18.36,0.61%,,,,,,,,,,,,,,,,,
9-Jul-19,"2,979.63",9-Jul-19,"2,965.52","2,981.90","2,963.44","2,979.63",-,0.12%,0%,18.46,0.62%,,,,,,,,,,,,,,,,,
8-Jul-19,"2,975.95",8-Jul-19,"2,979.77","2,980.76","2,970.09","2,975.95",-,-0.48%,0%,10.67,0.36%,,,,,,,,,,,,,,,,,
5-Jul-19,"2,990.41",5-Jul-19,"2,984.25","2,994.03","2,967.97","2,990.41",-,-0.18%,0%,26.06,0.87%,,,,,,,,,,,,,,,,,
3-Jul-19,"2,995.82",3-Jul-19,"2,978.08","2,995.84","2,977.96","2,995.82",-,0.77%,1%,17.88,0.60%,,,,,,,,,,,,,,,,,
2-Jul-19,"2,973.01",2-Jul-19,"2,964.66","2,973.21","2,955.92","2,973.01",-,0.29%,0%,17.29,0.58%,,,,,,,,,,,,,,,,,
1-Jul-19,"2,964.33",1-Jul-19,"2,971.41","2,977.93","2,952.22","2,964.33",-,0.77%,1%,25.71,0.87%,,,,,,,,,,,,,,,,,
28-Jun-19,"2,941.76",28-Jun-19,"2,932.94","2,943.98","2,929.05","2,941.76",-,0.58%,1%,14.93,0.51%,,,,,,,,,,,,,,,,,
27-Jun-19,"2,924.92",27-Jun-19,"2,919.66","2,929.30","2,918.57","2,924.92",-,0.38%,0%,10.73,0.37%,,,,,,,,,,,,,,,,,
26-Jun-19,"2,913.78",26-Jun-19,"2,926.07","2,932.59","2,912.99","2,913.78",-,-0.12%,0%,19.6,0.67%,,,,,,,,,,,,,,,,,
25-Jun-19,"2,917.38",25-Jun-19,"2,945.78","2,946.52","2,916.01","2,917.38",-,-0.95%,1%,30.51,1.04%,,,,,,,,,,,,,,,,,
24-Jun-19,"2,945.35",24-Jun-19,"2,951.42","2,954.92","2,944.05","2,945.35",-,-0.17%,0%,10.87,0.37%,,,,,,,,,,,,,,,,,
21-Jun-19,"2,950.46",21-Jun-19,"2,952.71","2,964.15","2,946.87","2,950.46",-,-0.13%,0%,17.28,0.59%,,,,,,,,,,,,,,,,,
20-Jun-19,"2,954.18",20-Jun-19,"2,949.60","2,958.06","2,931.50","2,954.18",-,0.95%,1%,26.56,0.90%,,,,,,,,,,,,,,,,,
19-Jun-19,"2,926.46",19-Jun-19,"2,920.55","2,931.74","2,911.43","2,926.46",-,0.30%,0%,20.31,0.70%,,,,,,,,,,,,,,,,,
18-Jun-19,"2,917.75",18-Jun-19,"2,906.71","2,930.79","2,905.44","2,917.75",-,0.97%,1%,25.35,0.87%,,,,,,,,,,,,,,,,,
17-Jun-19,"2,889.67",17-Jun-19,"2,889.75","2,897.27","2,887.30","2,889.67",-,0.09%,0%,9.97,0.35%,,,,,,,,,,,,,,,,,
14-Jun-19,"2,886.98",14-Jun-19,"2,886.82","2,894.45","2,879.62","2,886.98",-,-0.16%,0%,14.83,0.51%,,,,,,,,,,,,,,,,,
13-Jun-19,"2,891.64",13-Jun-19,"2,886.24","2,895.24","2,881.99","2,891.64",-,0.41%,0%,13.25,0.46%,,,,,,,,,,,,,,,,,
12-Jun-19,"2,879.84",12-Jun-19,"2,882.73","2,888.57","2,874.68","2,879.84",-,-0.20%,0%,13.89,0.48%,,,,,,,,,,,,,,,,,
11-Jun-19,"2,885.72",11-Jun-19,"2,903.27","2,910.61","2,878.53","2,885.72",-,-0.03%,0%,32.08,1.10%,,,,,,,,,,,,,,,,,
10-Jun-19,"2,886.73",10-Jun-19,"2,885.83","2,904.77","2,885.51","2,886.73",-,0.47%,0%,19.26,0.67%,,,,,,,,,,,,,,,,,
7-Jun-19,"2,873.34",7-Jun-19,"2,852.87","2,884.97","2,852.87","2,873.34",-,1.05%,1%,32.1,1.13%,,,,,,,,,,,,,,,,,
6-Jun-19,"2,843.49",6-Jun-19,"2,828.51","2,852.10","2,822.45","2,843.49",-,0.61%,1%,29.65,1.05%,,,,,,,,,,,,,,,,,
5-Jun-19,"2,826.15",5-Jun-19,"2,818.09","2,827.28","2,800.92","2,826.15",-,0.82%,1%,26.36,0.94%,,,,,,,,,,,,,,,,,
4-Jun-19,"2,803.27",4-Jun-19,"2,762.64","2,804.49","2,762.64","2,803.27",-,2.14%,2%,41.85,1.51%,,,,,,,,,,,,,,,,,
3-Jun-19,"2,744.45",3-Jun-19,"2,751.53","2,763.07","2,728.81","2,744.45",-,-0.28%,0%,34.26,1.25%,,,,,,,,,,,,,,,,,
31-May-19,"2,752.06",31-May-19,"2,766.15","2,768.98","2,750.52","2,752.06",-,-1.32%,1%,18.46,0.67%,,,,,,,,,,,,,,,,,
30-May-19,"2,788.86",30-May-19,"2,786.94","2,799.00","2,776.74","2,788.86",-,0.21%,0%,22.26,0.80%,,,,,,,,,,,,,,,,,
29-May-19,"2,783.02",29-May-19,"2,790.25","2,792.03","2,766.06","2,783.02",-,-0.69%,1%,25.97,0.93%,,,,,,,,,,,,,,,,,
28-May-19,"2,802.39",28-May-19,"2,830.03","2,840.51","2,801.58","2,802.39",-,-0.84%,1%,38.93,1.38%,,,,,,,,,,,,,,,,,
24-May-19,"2,826.06",24-May-19,"2,832.41","2,841.36","2,820.19","2,826.06",-,0.14%,0%,21.17,0.75%,,,,,,,,,,,,,,,,,
23-May-19,"2,822.24",23-May-19,"2,836.70","2,836.70","2,805.49","2,822.24",-,-1.19%,1%,31.21,1.10%,,,,,,,,,,,,,,,,,
22-May-19,"2,856.27",22-May-19,"2,856.06","2,865.47","2,851.11","2,856.27",-,-0.28%,0%,14.36,0.50%,,,,,,,,,,,,,,,,,
21-May-19,"2,864.36",21-May-19,"2,854.02","2,868.88","2,854.02","2,864.36",-,0.85%,1%,14.86,0.52%,,,,,,,,,,,,,,,,,
20-May-19,"2,840.23",20-May-19,"2,841.94","2,853.86","2,831.29","2,840.23",-,-0.67%,1%,22.57,0.79%,,,,,,,,,,,,,,,,,
17-May-19,"2,859.53",17-May-19,"2,858.60","2,885.48","2,854.23","2,859.53",-,-0.58%,1%,31.25,1.09%,,,,,,,,,,,,,,,,,
16-May-19,"2,876.32",16-May-19,"2,855.80","2,892.15","2,855.80","2,876.32",-,0.89%,1%,36.35,1.27%,,,,,,,,,,,,,,,,,
15-May-19,"2,850.96",15-May-19,"2,820.38","2,858.68","2,815.08","2,850.96",-,0.58%,1%,43.6,1.55%,,,,,,,,,,,,,,,,,
14-May-19,"2,834.41",14-May-19,"2,820.12","2,852.54","2,820.12","2,834.41",-,0.80%,1%,32.42,1.15%,,,,,,,,,,,,,,,,,
13-May-19,"2,811.87",13-May-19,"2,840.19","2,840.19","2,801.43","2,811.87",-,-2.41%,2%,38.76,1.36%,,,,,,,,,,,,,,,,,
10-May-19,"2,881.40",10-May-19,"2,863.10","2,891.31","2,825.39","2,881.40",-,0.37%,0%,65.92,2.30%,,,,,,,,,,,,,,,,,
9-May-19,"2,870.72",9-May-19,"2,859.84","2,875.97","2,836.40","2,870.72",-,-0.30%,0%,39.57,1.38%,,,,,,,,,,,,,,,,,
8-May-19,"2,879.42",8-May-19,"2,879.61","2,897.96","2,873.28","2,879.42",-,-0.16%,0%,24.68,0.86%,,,,,,,,,,,,,,,,,
7-May-19,"2,884.05",7-May-19,"2,913.03","2,913.03","2,862.60","2,884.05",-,-1.65%,2%,50.43,1.73%,,,,,,,,,,,,,,,,,
6-May-19,"2,932.47",6-May-19,"2,908.89","2,937.32","2,898.21","2,932.47",-,-0.45%,0%,39.11,1.34%,,,,,,,,,,,,,,,,,
3-May-19,"2,945.64",3-May-19,"2,929.21","2,947.85","2,929.21","2,945.64",-,0.96%,1%,18.64,0.64%,,,,,,,,,,,,,,,,,
2-May-19,"2,917.52",2-May-19,"2,922.16","2,931.68","2,900.50","2,917.52",-,-0.21%,0%,31.18,1.07%,,,,,,,,,,,,,,,,,
1-May-19,"2,923.73",1-May-19,"2,952.33","2,954.13","2,923.36","2,923.73",-,-0.75%,1%,30.77,1.04%,,,,,,,,,,,,,,,,,
30-Apr-19,"2,945.83",30-Apr-19,"2,937.14","2,948.22","2,924.11","2,945.83",-,0.10%,0%,24.11,0.82%,,,,,,,,,,,,,,,,,
29-Apr-19,"2,943.03",29-Apr-19,"2,940.58","2,949.52","2,939.35","2,943.03",-,0.11%,0%,10.17,0.35%,,,,,,,,,,,,,,,,,
26-Apr-19,"2,939.88",26-Apr-19,"2,925.81","2,939.88","2,917.56","2,939.88",-,0.47%,0%,22.32,0.76%,,,,,,,,,,,,,,,,,
25-Apr-19,"2,926.17",25-Apr-19,"2,928.99","2,933.10","2,912.84","2,926.17",-,-0.04%,0%,20.26,0.69%,,,,,,,,,,,,,,,,,
24-Apr-19,"2,927.25",24-Apr-19,"2,934.00","2,936.83","2,926.05","2,927.25",-,-0.22%,0%,10.78,0.37%,,,,,,,,,,,,,,,,,
23-Apr-19,"2,933.68",23-Apr-19,"2,909.99","2,936.31","2,908.53","2,933.68",-,0.88%,1%,27.78,0.95%,,,,,,,,,,,,,,,,,
22-Apr-19,"2,907.97",22-Apr-19,"2,898.78","2,909.51","2,896.35","2,907.97",-,0.10%,0%,13.16,0.45%,,,,,,,,,,,,,,,,,
18-Apr-19,"2,905.03",18-Apr-19,"2,904.81","2,908.40","2,891.90","2,905.03",-,0.16%,0%,16.5,0.57%,,,,,,,,,,,,,,,,,
17-Apr-19,"2,900.45",17-Apr-19,"2,916.04","2,918.00","2,895.45","2,900.45",-,-0.23%,0%,22.55,0.77%,,,,,,,,,,,,,,,,,
16-Apr-19,"2,907.06",16-Apr-19,"2,912.26","2,916.06","2,900.71","2,907.06",-,0.05%,0%,15.35,0.53%,,,,,,,,,,,,,,,,,
15-Apr-19,"2,905.58",15-Apr-19,"2,908.32","2,909.60","2,896.48","2,905.58",-,-0.06%,0%,13.12,0.45%,,,,,,,,,,,,,,,,,
12-Apr-19,"2,907.41",12-Apr-19,"2,900.86","2,910.54","2,898.37","2,907.41",-,0.66%,1%,12.17,0.42%,,,,,,,,,,,,,,,,,
11-Apr-19,"2,888.32",11-Apr-19,"2,891.92","2,893.42","2,881.99","2,888.32",-,0.00%,0%,11.43,0.40%,,,,,,,,,,,,,,,,,
10-Apr-19,"2,888.21",10-Apr-19,"2,881.37","2,889.71","2,879.13","2,888.21",-,0.35%,0%,10.58,0.37%,,,,,,,,,,,,,,,,,
9-Apr-19,"2,878.20",9-Apr-19,"2,886.58","2,886.88","2,873.33","2,878.20",-,-0.61%,1%,13.55,0.47%,,,,,,,,,,,,,,,,,
8-Apr-19,"2,895.77",8-Apr-19,"2,888.46","2,895.95","2,880.78","2,895.77",-,0.10%,0%,15.17,0.53%,,,,,,,,,,,,,,,,,
5-Apr-19,"2,892.74",5-Apr-19,"2,884.16","2,893.24","2,882.99","2,892.74",-,0.46%,0%,10.25,0.36%,,,,,,,,,,,,,,,,,
4-Apr-19,"2,879.39",4-Apr-19,"2,873.99","2,881.28","2,867.14","2,879.39",-,0.21%,0%,14.14,0.49%,,,,,,,,,,,,,,,,,
3-Apr-19,"2,873.40",3-Apr-19,"2,876.09","2,885.25","2,865.17","2,873.40",-,0.21%,0%,20.08,0.70%,,,,,,,,,,,,,,,,,
2-Apr-19,"2,867.24",2-Apr-19,"2,868.24","2,872.90","2,858.75","2,867.24",-,0.00%,0%,14.15,0.49%,,,,,,,,,,,,,,,,,
1-Apr-19,"2,867.19",1-Apr-19,"2,848.63","2,869.40","2,848.63","2,867.19",-,1.16%,1%,20.77,0.73%,,,,,,,,,,,,,,,,,
29-Mar-19,"2,834.40",29-Mar-19,"2,828.27","2,836.03","2,819.23","2,834.40",-,0.67%,1%,16.8,0.59%,,,,,,,,,,,,,,,,,
28-Mar-19,"2,815.44",28-Mar-19,"2,809.40","2,819.71","2,798.77","2,815.44",-,0.36%,0%,20.94,0.75%,,,,,,,,,,,,,,,,,
27-Mar-19,"2,805.37",27-Mar-19,"2,819.72","2,825.56","2,787.72","2,805.37",-,-0.46%,0%,37.84,1.34%,,,,,,,,,,,,,,,,,
26-Mar-19,"2,818.46",26-Mar-19,"2,812.66","2,829.87","2,803.99","2,818.46",-,0.72%,1%,25.88,0.92%,,,,,,,,,,,,,,,,,
25-Mar-19,"2,798.36",25-Mar-19,"2,796.01","2,809.79","2,785.02","2,798.36",-,-0.08%,0%,24.77,0.89%,,,,,,,,,,,,,,,,,
22-Mar-19,"2,800.71",22-Mar-19,"2,844.52","2,846.16","2,800.47","2,800.71",-,-1.90%,2%,45.69,1.61%,,,,,,,,,,,,,,,,,
21-Mar-19,"2,854.88",21-Mar-19,"2,819.72","2,860.31","2,817.38","2,854.88",-,1.09%,1%,42.93,1.52%,,,,,,,,,,,,,,,,,
